open_time,open,high,low,close,volume,close_time,quote_volume
2025-12-13 07:00:00,881.61,883.33,881.17,882.77,715.964,2025-12-13 00:30:00,631896.67
2025-12-13 07:30:00,882.77,882.88,880.75,881.09,197.1041,2025-12-13 01:00:00,173732.94
2025-12-13 08:00:00,881.09,882.3,881.03,882.06,207.5648,2025-12-13 01:30:00,183003.13
2025-12-13 08:30:00,882.06,882.32,880.35,882.07,570.0655,2025-12-13 02:00:00,502213.35
2025-12-13 09:00:00,882.07,885.39,881.95,885.11,320.3325,2025-12-13 02:30:00,283222.02
2025-12-13 09:30:00,885.11,885.24,883.4,884.08,204.8958,2025-12-13 03:00:00,181122.17
2025-12-13 10:00:00,884.08,885.51,883.58,884.71,256.5772,2025-12-13 03:30:00,227002.19
2025-12-13 10:30:00,884.71,887.5,884.08,887.45,431.7478,2025-12-13 04:00:00,382663.22
2025-12-13 11:00:00,887.45,887.86,886.14,886.66,421.5133,2025-12-13 04:30:00,373918.31
2025-12-13 11:30:00,886.66,886.73,885.24,886.23,242.1956,2025-12-13 05:00:00,214527.05
2025-12-13 12:00:00,886.23,887.31,885.09,885.24,270.7453,2025-12-13 05:30:00,239942.16
2025-12-13 12:30:00,885.24,885.76,884.7,885.7,259.2696,2025-12-13 06:00:00,229505.54
2025-12-13 13:00:00,885.7,885.78,883.7,885.19,644.0754,2025-12-13 06:30:00,569763.19
2025-12-13 13:30:00,885.19,888.0,884.48,887.99,341.5521,2025-12-13 07:00:00,302582.63
2025-12-13 14:00:00,887.99,889.18,886.81,887.36,438.3165,2025-12-13 07:30:00,389113.64
2025-12-13 14:30:00,887.36,887.61,885.87,886.24,246.0194,2025-12-13 08:00:00,218122.07
2025-12-13 15:00:00,886.24,889.22,885.87,888.24,381.5611,2025-12-13 08:30:00,338446.82
2025-12-13 15:30:00,888.24,889.77,887.31,889.05,758.1124,2025-12-13 09:00:00,673472.82
2025-12-13 16:00:00,889.05,889.5,887.75,888.23,488.1027,2025-12-13 09:30:00,433823.65
2025-12-13 16:30:00,888.23,890.09,887.83,889.49,489.1024,2025-12-13 10:00:00,434819.09
2025-12-13 17:00:00,889.49,890.58,888.61,890.3,353.1556,2025-12-13 10:30:00,314213.31
2025-12-13 17:30:00,890.3,894.19,889.9,893.04,1127.9711,2025-12-13 11:00:00,1006607.22
2025-12-13 18:00:00,893.04,893.37,891.74,891.82,425.8471,2025-12-13 11:30:00,380014.68
2025-12-13 18:30:00,891.82,893.02,891.0,892.03,532.4991,2025-12-13 12:00:00,474909.78
2025-12-13 19:00:00,892.03,894.28,891.86,892.18,423.5376,2025-12-13 12:30:00,378197.45
2025-12-13 19:30:00,892.18,893.91,890.85,891.49,376.8188,2025-12-13 13:00:00,336185.91
2025-12-13 20:00:00,891.49,893.26,891.07,891.13,310.2124,2025-12-13 13:30:00,276703.67
2025-12-13 20:30:00,891.13,893.54,890.88,891.92,602.0699,2025-12-13 14:00:00,536941.11
2025-12-13 21:00:00,891.92,893.09,887.0,887.0,970.1792,2025-12-13 14:30:00,864401.23
2025-12-13 21:30:00,887.0,891.86,887.0,891.2,652.1333,2025-12-13 15:00:00,580100.42
2025-12-13 22:00:00,891.2,899.32,891.12,897.4,2302.6136,2025-12-13 15:30:00,2065346.17
2025-12-13 22:30:00,897.4,899.96,897.3,898.86,983.1446,2025-12-13 16:00:00,883460.39
2025-12-13 23:00:00,898.86,904.19,898.81,901.7,1822.6149,2025-12-13 16:30:00,1643918.67
2025-12-13 23:30:00,901.7,902.95,897.07,897.27,796.1358,2025-12-13 17:00:00,716911.85
2025-12-14 00:00:00,897.27,898.51,894.67,896.46,760.9646,2025-12-13 17:30:00,681988.33
2025-12-14 00:30:00,896.46,897.22,894.68,895.5,320.6513,2025-12-13 18:00:00,287222.21
2025-12-14 01:00:00,895.5,896.7,894.57,894.68,244.7444,2025-12-13 18:30:00,219195.75
2025-12-14 01:30:00,894.68,895.33,891.25,892.1,546.5612,2025-12-13 19:00:00,487991.96
2025-12-14 02:00:00,892.1,893.23,891.89,892.06,253.0337,2025-12-13 19:30:00,225795.79
2025-12-14 02:30:00,892.06,895.1,891.86,893.51,166.2854,2025-12-13 20:00:00,148588.56
2025-12-14 03:00:00,893.51,895.87,893.26,895.65,249.3781,2025-12-13 20:30:00,223128.63
2025-12-14 03:30:00,895.65,896.06,893.21,893.57,221.5456,2025-12-13 21:00:00,198147.03
2025-12-14 04:00:00,893.57,893.96,891.58,892.48,145.3961,2025-12-13 21:30:00,129764.92
2025-12-14 04:30:00,892.48,894.54,889.45,894.27,362.0869,2025-12-13 22:00:00,322758.2
2025-12-14 05:00:00,894.27,895.58,893.06,894.36,295.4717,2025-12-13 22:30:00,264205.26
2025-12-14 05:30:00,894.36,896.84,894.26,895.68,237.3699,2025-12-13 23:00:00,212637.26
2025-12-14 06:00:00,895.68,896.43,895.0,895.42,237.2532,2025-12-13 23:30:00,212459.42
2025-12-14 06:30:00,895.42,897.38,895.0,896.9,233.5473,2025-12-14 00:00:00,209385.57
2025-12-14 07:00:00,896.9,898.83,895.16,898.3,289.705,2025-12-14 00:30:00,259851.96
2025-12-14 07:30:00,898.3,899.48,896.29,896.46,532.4388,2025-12-14 01:00:00,478109.58
2025-12-14 08:00:00,896.46,898.36,895.61,897.26,372.0501,2025-12-14 01:30:00,333793.93
2025-12-14 08:30:00,897.26,897.37,895.32,896.05,213.6964,2025-12-14 02:00:00,191514.61
2025-12-14 09:00:00,896.05,896.08,894.71,895.71,270.0118,2025-12-14 02:30:00,241755.35
2025-12-14 09:30:00,895.71,896.66,894.1,896.41,335.9361,2025-12-14 03:00:00,300760.37
2025-12-14 10:00:00,896.41,897.09,895.93,896.32,159.4526,2025-12-14 03:30:00,142916.29
2025-12-14 10:30:00,896.32,896.32,895.15,895.36,340.677,2025-12-14 04:00:00,305079.34
2025-12-14 11:00:00,895.36,896.68,894.47,896.26,315.561,2025-12-14 04:30:00,282647.14
2025-12-14 11:30:00,896.26,896.7,894.0,894.74,511.9623,2025-12-14 05:00:00,458149.87
2025-12-14 12:00:00,894.74,894.86,891.88,892.81,400.8976,2025-12-14 05:30:00,358008.32
2025-12-14 12:30:00,892.81,894.5,892.27,894.12,304.9196,2025-12-14 06:00:00,272470.39
2025-12-14 13:00:00,894.12,894.71,892.95,893.04,434.6123,2025-12-14 06:30:00,388436.09
2025-12-14 13:30:00,893.04,894.07,892.38,893.33,152.4585,2025-12-14 07:00:00,136177.52
2025-12-14 14:00:00,893.33,893.81,892.45,893.66,351.4441,2025-12-14 07:30:00,313845.35
2025-12-14 14:30:00,893.66,896.51,893.24,896.2,296.3733,2025-12-14 08:00:00,265315.58
2025-12-14 15:00:00,896.2,898.41,896.2,897.66,426.8288,2025-12-14 08:30:00,383174.18
2025-12-14 15:30:00,897.66,897.66,896.39,896.84,442.7831,2025-12-14 09:00:00,397103.87
2025-12-14 16:00:00,896.84,897.39,896.12,896.26,415.8051,2025-12-14 09:30:00,372871.51
2025-12-14 16:30:00,896.26,897.3,894.5,894.72,480.5981,2025-12-14 10:00:00,430583.62
2025-12-14 17:00:00,894.72,894.82,890.09,892.98,953.3289,2025-12-14 10:30:00,850648.09
2025-12-14 17:30:00,892.98,893.77,891.68,893.2,410.326,2025-12-14 11:00:00,366361.65
2025-12-14 18:00:00,893.2,893.2,890.66,890.93,745.9202,2025-12-14 11:30:00,664951.12
2025-12-14 18:30:00,890.93,892.24,883.94,888.59,1687.4987,2025-12-14 12:00:00,1498847.19
2025-12-14 19:00:00,888.59,891.9,886.26,890.56,766.1662,2025-12-14 12:30:00,681944.71
2025-12-14 19:30:00,890.56,894.0,890.16,891.85,829.1182,2025-12-14 13:00:00,739380.85
2025-12-14 20:00:00,891.85,891.91,887.27,888.45,1550.5649,2025-12-14 13:30:00,1378834.35
2025-12-14 20:30:00,888.45,891.2,888.37,891.2,332.1818,2025-12-14 14:00:00,295446.58
2025-12-14 21:00:00,891.2,894.46,889.99,890.45,596.4095,2025-12-14 14:30:00,532012.41
2025-12-14 21:30:00,890.45,890.53,885.62,887.9,761.1981,2025-12-14 15:00:00,675299.15
2025-12-14 22:00:00,887.9,887.98,882.9,883.85,899.0155,2025-12-14 15:30:00,795836.82
2025-12-14 22:30:00,883.85,887.21,883.0,886.43,439.1321,2025-12-14 16:00:00,388962.03
2025-12-14 23:00:00,886.43,888.29,883.56,887.29,525.9634,2025-12-14 16:30:00,465692.97
2025-12-14 23:30:00,887.29,887.64,884.1,885.97,481.4878,2025-12-14 17:00:00,426318.99
2025-12-15 00:00:00,885.97,887.27,880.72,882.23,1232.1444,2025-12-14 17:30:00,1087872.17
2025-12-15 00:30:00,882.23,883.81,880.55,882.75,475.2496,2025-12-14 18:00:00,419359.37
2025-12-15 01:00:00,882.75,884.74,881.74,883.04,353.4953,2025-12-14 18:30:00,312209.03
2025-12-15 01:30:00,883.04,886.0,882.94,885.98,400.5239,2025-12-14 19:00:00,354227.63
2025-12-15 02:00:00,885.98,885.98,881.58,883.47,652.066,2025-12-14 19:30:00,576045.85
2025-12-15 02:30:00,883.47,883.92,880.95,883.23,510.9559,2025-12-14 20:00:00,451130.82
2025-12-15 03:00:00,883.23,885.01,880.15,883.3,1052.3657,2025-12-14 20:30:00,929019.31
2025-12-15 03:30:00,883.3,884.18,881.48,881.9,425.6454,2025-12-14 21:00:00,375867.35
2025-12-15 04:00:00,881.9,884.06,880.36,883.54,635.5935,2025-12-14 21:30:00,560713.41
2025-12-15 04:30:00,883.54,883.62,878.77,879.6,780.3915,2025-12-14 22:00:00,687282.3
2025-12-15 05:00:00,879.6,882.02,877.27,877.87,921.5717,2025-12-14 22:30:00,810855.46
2025-12-15 05:30:00,877.87,878.72,874.78,878.47,1388.3457,2025-12-14 23:00:00,1217707.23
2025-12-15 06:00:00,878.47,880.28,875.12,877.26,594.2704,2025-12-14 23:30:00,521096.17
2025-12-15 06:30:00,877.26,878.87,870.29,877.2,1191.1638,2025-12-15 00:00:00,1041207.86
2025-12-15 07:00:00,877.2,882.37,876.28,880.65,741.4401,2025-12-15 00:30:00,651986.51
2025-12-15 07:30:00,880.65,883.03,878.45,882.68,495.3273,2025-12-15 01:00:00,436170.12
2025-12-15 08:00:00,882.68,884.21,880.4,881.32,1057.0253,2025-12-15 01:30:00,931952.41
2025-12-15 08:30:00,881.32,888.74,880.57,887.78,906.1489,2025-12-15 02:00:00,802899.13
2025-12-15 09:00:00,887.78,895.48,887.54,892.58,1056.7035,2025-12-15 02:30:00,942701.36
2025-12-15 09:30:00,892.58,892.73,888.21,888.76,807.0504,2025-12-15 03:00:00,718546.83
2025-12-15 10:00:00,888.76,890.62,887.61,889.76,396.572,2025-12-15 03:30:00,352586.77
2025-12-15 10:30:00,889.76,890.12,887.94,888.89,556.9182,2025-12-15 04:00:00,495099.23
2025-12-15 11:00:00,888.89,890.51,886.84,886.91,547.3653,2025-12-15 04:30:00,486452.61
2025-12-15 11:30:00,886.91,890.18,886.73,889.33,417.5841,2025-12-15 05:00:00,371041.07
2025-12-15 12:00:00,889.33,890.33,888.38,889.47,481.4934,2025-12-15 05:30:00,428315.72
2025-12-15 12:30:00,889.47,889.47,887.5,888.12,341.1368,2025-12-15 06:00:00,303048.3
2025-12-15 13:00:00,888.12,888.17,886.65,887.05,438.7574,2025-12-15 06:30:00,389222.1
2025-12-15 13:30:00,887.05,891.38,886.67,890.4,867.8785,2025-12-15 07:00:00,771698.43
2025-12-15 14:00:00,890.4,891.64,887.5,888.28,498.2594,2025-12-15 07:30:00,443005.01
2025-12-15 14:30:00,888.28,889.73,887.49,889.4,526.1169,2025-12-15 08:00:00,467473.66
2025-12-15 15:00:00,889.4,890.29,887.62,890.01,942.4215,2025-12-15 08:30:00,837652.37
2025-12-15 15:30:00,890.01,890.01,888.79,889.17,333.0815,2025-12-15 09:00:00,296174.57
2025-12-15 16:00:00,889.17,891.3,889.09,890.54,602.3487,2025-12-15 09:30:00,536233.19
2025-12-15 16:30:00,890.54,892.2,889.69,890.99,667.7707,2025-12-15 10:00:00,594847.49
2025-12-15 17:00:00,890.99,893.05,889.92,892.41,1574.1295,2025-12-15 10:30:00,1402300.87
2025-12-15 17:30:00,892.41,893.19,889.73,890.15,379.7177,2025-12-15 11:00:00,338373.4
2025-12-15 18:00:00,890.15,890.58,889.14,889.41,319.0665,2025-12-15 11:30:00,283853.67
2025-12-15 18:30:00,889.41,889.68,887.02,887.57,512.1991,2025-12-15 12:00:00,454813.08
2025-12-15 19:00:00,887.57,888.15,885.65,887.7,446.3581,2025-12-15 12:30:00,395916.37
2025-12-15 19:30:00,887.7,889.22,887.5,888.58,758.9946,2025-12-15 13:00:00,674333.87
2025-12-15 20:00:00,888.58,889.06,886.2,886.66,612.4519,2025-12-15 13:30:00,543432.54
2025-12-15 20:30:00,886.66,888.28,885.05,886.79,557.3454,2025-12-15 14:00:00,494184.4
2025-12-15 21:00:00,886.79,890.11,886.32,886.73,678.2072,2025-12-15 14:30:00,602440.07
2025-12-15 21:30:00,886.73,889.62,869.23,871.62,3660.0847,2025-12-15 15:00:00,3214076.55
2025-12-15 22:00:00,871.62,871.62,852.12,854.3,7356.5854,2025-12-15 15:30:00,6335351.63
2025-12-15 22:30:00,854.3,861.05,852.14,859.1,3448.8916,2025-12-15 16:00:00,2954879.87
2025-12-15 23:00:00,859.1,859.9,854.35,857.5,2307.4012,2025-12-15 16:30:00,1978211.18
2025-12-15 23:30:00,857.5,857.92,848.53,852.17,3133.3231,2025-12-15 17:00:00,2670432.54
2025-12-16 00:00:00,852.17,853.25,850.17,850.72,1664.0677,2025-12-15 17:30:00,1417284.97
2025-12-16 00:30:00,850.72,851.07,842.32,844.43,2244.6054,2025-12-15 18:00:00,1898941.5
2025-12-16 01:00:00,844.43,847.07,843.09,844.84,1405.7696,2025-12-15 18:30:00,1188011.39
2025-12-16 01:30:00,844.84,851.56,840.92,851.15,1440.0878,2025-12-15 19:00:00,1218644.55
2025-12-16 02:00:00,851.15,854.94,849.4,852.36,1015.8217,2025-12-15 19:30:00,866073.59
2025-12-16 02:30:00,852.36,853.72,848.59,850.02,901.5282,2025-12-15 20:00:00,767490.15
2025-12-16 03:00:00,850.02,850.02,844.63,846.33,752.0564,2025-12-15 20:30:00,636977.39
2025-12-16 03:30:00,846.33,850.07,845.77,846.3,545.4509,2025-12-15 21:00:00,462440.68
2025-12-16 04:00:00,846.3,851.42,845.58,850.94,530.0475,2025-12-15 21:30:00,449614.46
2025-12-16 04:30:00,850.94,853.31,850.41,852.97,706.1082,2025-12-15 22:00:00,601231.75
2025-12-16 05:00:00,852.97,853.31,850.41,852.16,394.6057,2025-12-15 22:30:00,336178.07
2025-12-16 05:30:00,852.16,853.88,851.24,853.88,740.5039,2025-12-15 23:00:00,631359.02
2025-12-16 06:00:00,853.88,857.43,853.88,855.27,1190.8173,2025-12-15 23:30:00,1019428.04
2025-12-16 06:30:00,855.27,859.1,855.04,858.57,1048.068,2025-12-16 00:00:00,898780.38
2025-12-16 07:00:00,858.57,858.7,855.27,857.4,866.087,2025-12-16 00:30:00,742333.32
2025-12-16 07:30:00,857.4,857.62,852.36,852.65,781.5519,2025-12-16 01:00:00,667836.9
2025-12-16 08:00:00,852.65,856.87,852.23,853.3,1112.9098,2025-12-16 01:30:00,951187.55
2025-12-16 08:30:00,853.3,855.67,851.78,854.51,566.4112,2025-12-16 02:00:00,483499.35
2025-12-16 09:00:00,854.51,858.2,851.58,858.07,558.2269,2025-12-16 02:30:00,476952.82
2025-12-16 09:30:00,858.07,858.4,855.2,856.01,572.7194,2025-12-16 03:00:00,490802.13
2025-12-16 10:00:00,856.01,856.96,853.06,854.28,535.6286,2025-12-16 03:30:00,457690.16
2025-12-16 10:30:00,854.28,855.48,850.41,855.31,885.5118,2025-12-16 04:00:00,755934.64
2025-12-16 11:00:00,855.31,856.67,852.46,852.84,754.3577,2025-12-16 04:30:00,644893.06
2025-12-16 11:30:00,852.84,854.6,847.17,854.54,1977.8694,2025-12-16 05:00:00,1684426.07
2025-12-16 12:00:00,854.54,855.5,853.15,855.43,1491.6403,2025-12-16 05:30:00,1273945.41
2025-12-16 12:30:00,855.43,856.79,853.95,856.45,1390.0848,2025-12-16 06:00:00,1188682.19
2025-12-16 13:00:00,856.45,864.73,856.41,864.3,948.4801,2025-12-16 06:30:00,817110.1
2025-12-16 13:30:00,864.3,865.76,862.29,865.3,550.6611,2025-12-16 07:00:00,475783.28
2025-12-16 14:00:00,865.3,865.9,860.44,861.05,714.287,2025-12-16 07:30:00,616650.28
2025-12-16 14:30:00,861.05,861.66,858.74,859.53,812.7481,2025-12-16 08:00:00,698901.16
2025-12-16 15:00:00,859.53,861.84,857.15,860.75,753.7282,2025-12-16 08:30:00,647930.0
2025-12-16 15:30:00,860.75,860.75,856.97,858.27,708.3403,2025-12-16 09:00:00,608396.5
2025-12-16 16:00:00,858.27,860.14,857.85,859.06,511.7727,2025-12-16 09:30:00,439612.51
2025-12-16 16:30:00,859.06,862.19,858.77,859.81,1149.8942,2025-12-16 10:00:00,989484.79
2025-12-16 17:00:00,859.81,861.16,858.78,859.69,512.7237,2025-12-16 10:30:00,440845.46
2025-12-16 17:30:00,859.69,865.39,859.68,862.04,1127.949,2025-12-16 11:00:00,972913.97
2025-12-16 18:00:00,862.04,865.0,861.63,864.92,825.329,2025-12-16 11:30:00,712366.32
2025-12-16 18:30:00,864.92,866.26,863.06,865.76,726.1772,2025-12-16 12:00:00,627949.4
2025-12-16 19:00:00,865.76,869.68,865.53,866.67,2776.8589,2025-12-16 12:30:00,2410631.41
2025-12-16 19:30:00,866.67,869.94,866.45,868.18,1777.8487,2025-12-16 13:00:00,1542479.14
2025-12-16 20:00:00,868.18,870.5,865.92,869.56,2967.7279,2025-12-16 13:30:00,2576611.75
2025-12-16 20:30:00,869.56,871.97,861.78,861.81,2387.6207,2025-12-16 14:00:00,2067308.67
2025-12-16 21:00:00,861.81,868.54,858.59,866.98,1554.5959,2025-12-16 14:30:00,1342381.81
2025-12-16 21:30:00,866.98,874.01,864.91,871.97,2806.4493,2025-12-16 15:00:00,2441650.69
2025-12-16 22:00:00,871.97,874.66,868.0,870.16,1900.189,2025-12-16 15:30:00,1655151.47
2025-12-16 22:30:00,870.16,878.25,868.75,876.55,2450.6385,2025-12-16 16:00:00,2138668.16
2025-12-16 23:00:00,876.55,876.61,872.49,875.09,2085.7759,2025-12-16 16:30:00,1824072.88
2025-12-16 23:30:00,875.09,875.09,870.04,870.77,2517.8358,2025-12-16 17:00:00,2195498.41
2025-12-17 00:00:00,870.77,872.59,868.39,869.3,1690.2352,2025-12-16 17:30:00,1472505.66
2025-12-17 00:30:00,869.3,870.56,866.75,867.09,1256.3984,2025-12-16 18:00:00,1090981.87
2025-12-17 01:00:00,867.09,869.38,866.19,868.3,1377.0436,2025-12-16 18:30:00,1195435.38
2025-12-17 01:30:00,868.3,873.5,868.26,871.46,1557.3393,2025-12-16 19:00:00,1357559.15
2025-12-17 02:00:00,871.46,871.46,866.9,868.53,1207.8141,2025-12-16 19:30:00,1049357.77
2025-12-17 02:30:00,868.53,872.0,868.26,870.33,978.5631,2025-12-16 20:00:00,850848.34
2025-12-17 03:00:00,870.33,870.98,868.97,870.3,590.5998,2025-12-16 20:30:00,513808.23
2025-12-17 03:30:00,870.3,872.16,870.02,870.45,1259.0554,2025-12-16 21:00:00,1096795.92
2025-12-17 04:00:00,870.45,871.01,869.12,870.8,1409.6252,2025-12-16 21:30:00,1226380.98
2025-12-17 04:30:00,870.8,873.4,870.8,872.42,1257.7304,2025-12-16 22:00:00,1097244.79
2025-12-17 05:00:00,872.42,874.75,871.48,874.38,1595.1044,2025-12-16 22:30:00,1392375.99
2025-12-17 05:30:00,874.38,874.82,873.26,873.52,387.1183,2025-12-16 23:00:00,338345.57
2025-12-17 06:00:00,873.52,874.15,872.09,872.84,1120.3179,2025-12-16 23:30:00,977853.97
2025-12-17 06:30:00,872.84,875.67,872.55,875.4,1298.1877,2025-12-17 00:00:00,1134609.19
2025-12-17 07:00:00,875.4,875.7,871.58,872.14,1267.3415,2025-12-17 00:30:00,1107055.75
2025-12-17 07:30:00,872.14,872.26,870.29,871.07,1378.9519,2025-12-17 01:00:00,1201157.25
2025-12-17 08:00:00,871.07,874.82,870.77,871.98,575.9524,2025-12-17 01:30:00,502351.79
2025-12-17 08:30:00,871.98,872.76,869.83,870.93,440.014,2025-12-17 02:00:00,383357.2
2025-12-17 09:00:00,870.93,871.05,865.1,866.18,993.3935,2025-12-17 02:30:00,862223.57
2025-12-17 09:30:00,866.18,868.7,865.0,867.26,1172.3769,2025-12-17 03:00:00,1016630.73
2025-12-17 10:00:00,867.26,868.28,864.13,864.17,732.0559,2025-12-17 03:30:00,634480.69
2025-12-17 10:30:00,864.17,865.02,861.98,863.24,2472.9878,2025-12-17 04:00:00,2133981.6
2025-12-17 11:00:00,863.24,863.37,859.62,860.64,2926.8122,2025-12-17 04:30:00,2523829.9
2025-12-17 11:30:00,860.64,861.54,858.76,858.95,896.006,2025-12-17 05:00:00,770317.14
2025-12-17 12:00:00,858.95,859.32,855.49,856.84,1701.9037,2025-12-17 05:30:00,1459230.26
2025-12-17 12:30:00,856.84,860.35,855.91,858.82,909.7066,2025-12-17 06:00:00,780516.11
2025-12-17 13:00:00,858.82,864.36,858.34,863.97,1742.4221,2025-12-17 06:30:00,1502793.93
2025-12-17 13:30:00,863.97,868.0,863.91,865.83,3219.3506,2025-12-17 07:00:00,2788102.15
2025-12-17 14:00:00,865.83,868.47,864.95,868.41,1977.4912,2025-12-17 07:30:00,1713417.51
2025-12-17 14:30:00,868.41,871.0,867.86,868.02,3441.6302,2025-12-17 08:00:00,2991466.52
2025-12-17 15:00:00,868.02,868.03,863.57,864.2,5039.6558,2025-12-17 08:30:00,4367099.11
2025-12-17 15:30:00,864.2,864.79,862.44,862.52,2402.526,2025-12-17 09:00:00,2075475.19
2025-12-17 16:00:00,862.52,864.9,862.42,863.17,2037.353,2025-12-17 09:30:00,1760135.58
2025-12-17 16:30:00,863.17,864.87,860.57,860.63,2784.5075,2025-12-17 10:00:00,2404146.42
2025-12-17 17:00:00,860.63,861.24,856.28,856.28,6075.5727,2025-12-17 10:30:00,5214981.47
2025-12-17 17:30:00,856.28,858.79,855.39,856.55,1953.4483,2025-12-17 11:00:00,1674583.81
2025-12-17 18:00:00,856.55,860.0,855.97,859.32,2135.7921,2025-12-17 11:30:00,1833738.32
2025-12-17 18:30:00,859.32,860.87,858.77,859.76,3334.8819,2025-12-17 12:00:00,2866559.04
2025-12-17 19:00:00,859.76,860.98,858.64,859.56,3993.272,2025-12-17 12:30:00,3433094.18
2025-12-17 19:30:00,859.56,860.67,857.16,860.55,3570.7318,2025-12-17 13:00:00,3068263.51
2025-12-17 20:00:00,860.55,861.84,857.71,859.25,2342.3111,2025-12-17 13:30:00,2012447.58
2025-12-17 20:30:00,859.25,864.86,859.02,862.37,3964.1728,2025-12-17 14:00:00,3415850.71
2025-12-17 21:00:00,862.37,863.86,861.56,861.77,3919.8537,2025-12-17 14:30:00,3381219.74
2025-12-17 21:30:00,861.77,869.34,854.93,869.28,11258.0996,2025-12-17 15:00:00,9708810.93
2025-12-17 22:00:00,869.28,876.17,867.86,871.14,9199.407,2025-12-17 15:30:00,8022352.71
2025-12-17 22:30:00,871.14,872.94,852.82,853.61,9980.1787,2025-12-17 16:00:00,8593141.93
2025-12-17 23:00:00,853.61,857.79,842.28,843.2,8650.6366,2025-12-17 16:30:00,7345899.17
2025-12-17 23:30:00,843.2,847.34,839.9,847.3,4608.0429,2025-12-17 17:00:00,3885670.22
2025-12-18 00:00:00,847.3,849.6,842.2,847.91,3139.3321,2025-12-17 17:30:00,2655608.18
2025-12-18 00:30:00,847.91,849.05,843.19,843.68,2514.8015,2025-12-17 18:00:00,2125589.74
2025-12-18 01:00:00,843.68,846.89,843.68,844.98,2702.4046,2025-12-17 18:30:00,2284438.2
2025-12-18 01:30:00,844.98,845.72,836.5,837.81,3733.8826,2025-12-17 19:00:00,3137847.98
2025-12-18 02:00:00,837.81,838.39,833.46,836.37,3760.0449,2025-12-17 19:30:00,3144036.56
2025-12-18 02:30:00,836.37,841.48,834.86,840.73,1854.0387,2025-12-17 20:00:00,1553361.84
2025-12-18 03:00:00,840.73,844.74,838.76,844.52,1010.0958,2025-12-17 20:30:00,849780.1
2025-12-18 03:30:00,844.52,844.94,841.37,842.22,763.5328,2025-12-17 21:00:00,644084.94
2025-12-18 04:00:00,842.22,843.21,839.99,840.12,608.7128,2025-12-17 21:30:00,512351.72
2025-12-18 04:30:00,840.12,840.35,837.57,838.51,613.1003,2025-12-17 22:00:00,514238.35
2025-12-18 05:00:00,838.51,842.35,836.66,841.19,1224.1564,2025-12-17 22:30:00,1027581.87
2025-12-18 05:30:00,841.19,843.73,840.44,843.72,618.8638,2025-12-17 23:00:00,520989.94
2025-12-18 06:00:00,843.72,843.75,840.55,841.42,1142.7155,2025-12-17 23:30:00,961686.5
2025-12-18 06:30:00,841.42,843.62,841.0,843.03,907.3366,2025-12-18 00:00:00,764561.67
2025-12-18 07:00:00,843.03,844.33,840.75,844.33,954.4915,2025-12-18 00:30:00,804038.68
2025-12-18 07:30:00,844.33,845.93,843.57,845.68,1390.1285,2025-12-18 01:00:00,1174245.08
2025-12-18 08:00:00,845.68,845.68,839.03,840.61,1527.2287,2025-12-18 01:30:00,1284552.63
2025-12-18 08:30:00,840.61,842.43,839.74,841.23,1000.3392,2025-12-18 02:00:00,841304.24
2025-12-18 09:00:00,841.23,846.18,839.82,843.4,1413.2125,2025-12-18 02:30:00,1192105.11
2025-12-18 09:30:00,843.4,846.84,843.35,845.42,2122.9442,2025-12-18 03:00:00,1795283.94
2025-12-18 10:00:00,845.42,845.45,839.74,839.74,2438.0415,2025-12-18 03:30:00,2054345.37
2025-12-18 10:30:00,839.74,839.88,833.3,836.73,3481.1233,2025-12-18 04:00:00,2912382.51
2025-12-18 11:00:00,836.73,839.55,836.4,837.23,1945.0798,2025-12-18 04:30:00,1629962.73
2025-12-18 11:30:00,837.23,838.32,836.16,836.39,1712.8098,2025-12-18 05:00:00,1433584.56
2025-12-18 12:00:00,836.39,836.85,830.42,831.83,3651.0303,2025-12-18 05:30:00,3039466.12
2025-12-18 12:30:00,831.83,833.29,830.38,831.5,2427.6404,2025-12-18 06:00:00,2018967.2
2025-12-18 13:00:00,831.5,834.07,830.46,833.22,1828.4958,2025-12-18 06:30:00,1523085.84
2025-12-18 13:30:00,833.22,835.1,832.59,834.76,979.7471,2025-12-18 07:00:00,816858.49
2025-12-18 14:00:00,834.76,835.9,834.02,835.37,3285.1005,2025-12-18 07:30:00,2743419.89
2025-12-18 14:30:00,835.37,835.53,832.76,833.73,2283.9118,2025-12-18 08:00:00,1904282.88
2025-12-18 15:00:00,833.73,836.45,832.7,834.64,2886.7674,2025-12-18 08:30:00,2408362.28
2025-12-18 15:30:00,834.64,837.79,834.64,836.13,3802.8018,2025-12-18 09:00:00,3179416.95
2025-12-18 16:00:00,836.13,837.43,834.36,837.06,4328.134,2025-12-18 09:30:00,3616518.91
2025-12-18 16:30:00,837.06,839.9,836.76,839.09,3980.8173,2025-12-18 10:00:00,3337966.52
2025-12-18 17:00:00,839.09,841.2,837.89,840.75,2324.5749,2025-12-18 10:30:00,1951737.14
2025-12-18 17:30:00,840.75,841.75,839.47,839.98,1786.4401,2025-12-18 11:00:00,1501348.58
2025-12-18 18:00:00,839.98,840.31,837.09,837.88,1790.1969,2025-12-18 11:30:00,1500838.79
2025-12-18 18:30:00,837.88,839.79,837.28,839.54,2204.6376,2025-12-18 12:00:00,1849585.44
2025-12-18 19:00:00,839.54,840.07,837.31,837.56,3985.3862,2025-12-18 12:30:00,3341499.81
2025-12-18 19:30:00,837.56,841.07,837.53,838.93,4307.9761,2025-12-18 13:00:00,3615819.31
2025-12-18 20:00:00,838.93,845.0,838.93,841.38,4309.9008,2025-12-18 13:30:00,3630139.72
2025-12-18 20:30:00,841.38,852.46,841.3,848.85,10337.3958,2025-12-18 14:00:00,8768088.51
2025-12-18 21:00:00,848.85,853.43,842.51,846.39,6473.3585,2025-12-18 14:30:00,5487263.71
2025-12-18 21:30:00,846.39,849.24,838.12,843.74,6630.7188,2025-12-18 15:00:00,5587941.35
2025-12-18 22:00:00,843.74,847.84,840.03,847.58,5185.1823,2025-12-18 15:30:00,4374908.48
2025-12-18 22:30:00,847.58,851.2,845.86,848.11,5613.2871,2025-12-18 16:00:00,4760727.14
2025-12-18 23:00:00,848.11,848.94,843.85,845.58,3300.2145,2025-12-18 16:30:00,2794927.21
2025-12-18 23:30:00,845.58,847.89,844.71,845.34,2643.2198,2025-12-18 17:00:00,2236614.16
2025-12-19 00:00:00,845.34,845.51,819.25,826.58,12253.001,2025-12-18 17:30:00,10155376.26
2025-12-19 00:30:00,826.58,833.17,824.16,831.89,5074.5594,2025-12-18 18:00:00,4208255.47
2025-12-19 01:00:00,831.89,838.59,830.55,833.99,5898.5497,2025-12-18 18:30:00,4924328.81
2025-12-19 01:30:00,833.99,835.79,830.17,832.14,7085.7605,2025-12-18 19:00:00,5903454.29
2025-12-19 02:00:00,832.14,832.69,827.6,830.66,6972.1204,2025-12-18 19:30:00,5786563.68
2025-12-19 02:30:00,830.66,832.17,818.37,820.47,7310.7838,2025-12-18 20:00:00,6030728.75
2025-12-19 03:00:00,820.47,826.82,820.23,823.74,3914.4911,2025-12-18 20:30:00,3229104.05
2025-12-19 03:30:00,823.74,824.11,820.85,820.85,2114.2057,2025-12-18 21:00:00,1739372.22
2025-12-19 04:00:00,820.85,828.37,820.78,828.29,2575.6426,2025-12-18 21:30:00,2126785.6
2025-12-19 04:30:00,828.29,830.64,826.0,830.24,1995.3356,2025-12-18 22:00:00,1652706.0
2025-12-19 05:00:00,830.24,831.21,828.15,829.94,2377.5544,2025-12-18 22:30:00,1972410.1
2025-12-19 05:30:00,829.94,831.96,829.67,831.78,2137.9574,2025-12-18 23:00:00,1776122.67
2025-12-19 06:00:00,831.78,831.9,828.82,829.35,2731.984,2025-12-18 23:30:00,2268743.5
2025-12-19 06:30:00,829.35,830.33,828.29,829.98,1981.5443,2025-12-19 00:00:00,1643323.06
2025-12-19 07:00:00,829.98,832.53,829.47,830.12,1253.4523,2025-12-19 00:30:00,1041664.11
2025-12-19 07:30:00,830.12,831.45,827.92,830.96,1602.198,2025-12-19 01:00:00,1328849.5
2025-12-19 08:00:00,830.96,831.0,825.48,825.53,2687.0367,2025-12-19 01:30:00,2224898.81
2025-12-19 08:30:00,825.53,826.39,823.05,825.2,2639.0366,2025-12-19 02:00:00,2177486.18
2025-12-19 09:00:00,825.2,827.19,822.15,827.11,4417.0229,2025-12-19 02:30:00,3641284.93
2025-12-19 09:30:00,827.11,828.8,825.39,826.58,4143.6376,2025-12-19 03:00:00,3426578.78
2025-12-19 10:00:00,826.58,839.3,826.32,838.59,6509.3337,2025-12-19 03:30:00,5418758.47
2025-12-19 10:30:00,838.59,841.77,836.04,837.52,5542.4982,2025-12-19 04:00:00,4649300.03
2025-12-19 11:00:00,837.52,841.05,837.31,838.72,6120.272,2025-12-19 04:30:00,5136152.44
2025-12-19 11:30:00,838.72,839.93,835.64,837.1,4715.9374,2025-12-19 05:00:00,3947425.82
2025-12-19 12:00:00,837.1,838.33,835.59,836.2,6470.5687,2025-12-19 05:30:00,5415135.58
2025-12-19 12:30:00,836.2,839.52,835.52,839.26,6263.726,2025-12-19 06:00:00,5247456.55
2025-12-19 13:00:00,839.26,839.88,838.14,839.55,5411.2458,2025-12-19 06:30:00,4540133.98
2025-12-19 13:30:00,839.55,843.75,838.87,843.75,10255.1652,2025-12-19 07:00:00,8618784.45
2025-12-19 14:00:00,843.75,850.09,843.63,844.83,13436.1828,2025-12-19 07:30:00,11381075.96
2025-12-19 14:30:00,844.83,846.04,842.19,843.17,14887.1759,2025-12-19 08:00:00,12562056.92
2025-12-19 15:00:00,843.17,845.94,842.42,842.45,28389.3409,2025-12-19 08:30:00,23965217.24
2025-12-19 15:30:00,842.45,845.76,842.26,845.05,29847.7365,2025-12-19 09:00:00,25195395.15
2025-12-19 16:00:00,845.05,846.61,843.34,846.37,32517.1255,2025-12-19 09:30:00,27469597.02
2025-12-19 16:30:00,846.37,847.4,844.44,845.54,31291.0765,2025-12-19 10:00:00,26461694.14
2025-12-19 17:00:00,845.54,846.71,843.42,843.74,31612.6598,2025-12-19 10:30:00,26716120.8
2025-12-19 17:30:00,843.74,845.51,843.19,845.39,33494.2778,2025-12-19 11:00:00,28276373.79
2025-12-19 18:00:00,845.39,848.72,844.6,848.4,1603.282,2025-12-19 11:30:00,1357143.0
2025-12-19 18:30:00,848.4,849.55,847.53,849.0,1134.711,2025-12-19 12:00:00,963192.53
2025-12-19 19:00:00,849.0,849.42,846.45,847.53,1309.4363,2025-12-19 12:30:00,1110299.0
2025-12-19 19:30:00,847.53,848.13,845.39,845.49,1174.7832,2025-12-19 13:00:00,994795.32
2025-12-19 20:00:00,845.49,847.85,845.49,847.83,824.7735,2025-12-19 13:30:00,698418.31
2025-12-19 20:30:00,847.83,848.35,845.79,847.77,974.2864,2025-12-19 14:00:00,825600.87
2025-12-19 21:00:00,847.77,849.97,844.31,845.8,1224.6615,2025-12-19 14:30:00,1038098.38
2025-12-19 21:30:00,845.8,850.26,843.51,848.22,3120.6109,2025-12-19 15:00:00,2643156.25
2025-12-19 22:00:00,848.22,854.95,845.07,846.52,3651.9739,2025-12-19 15:30:00,3102480.28
2025-12-19 22:30:00,846.52,847.91,844.33,846.42,1530.1499,2025-12-19 16:00:00,1294781.54
2025-12-19 23:00:00,846.42,851.37,845.87,850.15,1539.3861,2025-12-19 16:30:00,1307960.88
2025-12-19 23:30:00,850.15,853.22,847.29,848.19,1553.7008,2025-12-19 17:00:00,1321610.04
2025-12-20 00:00:00,848.19,850.62,847.24,847.27,1734.8191,2025-12-19 17:30:00,1473713.0
2025-12-20 00:30:00,847.27,848.76,843.55,844.85,2536.0089,2025-12-19 18:00:00,2146086.02
2025-12-20 01:00:00,844.85,849.18,844.85,848.01,1742.647,2025-12-19 18:30:00,1475509.72
2025-12-20 01:30:00,848.01,851.0,846.9,849.33,696.1316,2025-12-19 19:00:00,590601.59
2025-12-20 02:00:00,849.33,852.7,849.32,851.84,879.4453,2025-12-19 19:30:00,748331.02
2025-12-20 02:30:00,851.84,857.77,851.4,856.12,2090.2315,2025-12-19 20:00:00,1788409.73
2025-12-20 03:00:00,856.12,859.19,854.36,858.4,2029.9993,2025-12-19 20:30:00,1738424.62
2025-12-20 03:30:00,858.4,862.3,857.98,860.24,1535.0942,2025-12-19 21:00:00,1320407.88
2025-12-20 04:00:00,860.24,860.47,856.56,857.3,1798.7264,2025-12-19 21:30:00,1543996.09
2025-12-20 04:30:00,857.3,858.21,854.24,854.81,875.564,2025-12-19 22:00:00,749371.42
2025-12-20 05:00:00,854.81,857.25,854.8,855.97,1017.8498,2025-12-19 22:30:00,871300.28
2025-12-20 05:30:00,855.97,856.75,855.49,856.29,493.6269,2025-12-19 23:00:00,422634.67
2025-12-20 06:00:00,856.29,856.55,854.6,856.11,458.502,2025-12-19 23:30:00,392218.72
2025-12-20 06:30:00,856.11,857.2,855.04,856.05,413.8759,2025-12-20 00:00:00,354354.17
2025-12-20 07:00:00,856.05,857.14,854.91,857.05,468.54,2025-12-20 00:30:00,400969.85
2025-12-20 07:30:00,857.05,857.05,853.79,854.24,458.5331,2025-12-20 01:00:00,392151.68
2025-12-20 08:00:00,854.24,854.33,852.63,852.96,480.8673,2025-12-20 01:30:00,410291.22
2025-12-20 08:30:00,852.96,853.68,852.27,852.76,355.75,2025-12-20 02:00:00,303418.09
2025-12-20 09:00:00,852.76,854.63,852.57,854.56,364.7285,2025-12-20 02:30:00,311313.96
2025-12-20 09:30:00,854.56,856.93,854.46,855.77,543.7931,2025-12-20 03:00:00,465309.68
2025-12-20 10:00:00,855.77,857.74,855.66,857.71,676.1016,2025-12-20 03:30:00,579203.84
2025-12-20 10:30:00,857.71,859.55,857.6,858.32,1025.0879,2025-12-20 04:00:00,880325.92
2025-12-20 11:00:00,858.32,858.47,856.04,856.79,436.7166,2025-12-20 04:30:00,374254.42
2025-12-20 11:30:00,856.79,858.0,854.06,854.36,1158.7486,2025-12-20 05:00:00,992299.16
2025-12-20 12:00:00,854.36,855.3,852.44,855.04,1829.5398,2025-12-20 05:30:00,1561583.0
2025-12-20 12:30:00,855.04,856.1,853.99,854.11,440.0339,2025-12-20 06:00:00,376248.58
2025-12-20 13:00:00,854.11,855.1,853.52,853.53,360.921,2025-12-20 06:30:00,308350.75
2025-12-20 13:30:00,853.53,854.09,852.8,853.86,707.7298,2025-12-20 07:00:00,603883.61
2025-12-20 14:00:00,853.86,854.3,852.27,853.73,585.6314,2025-12-20 07:30:00,499604.39
2025-12-20 14:30:00,853.73,854.28,853.35,853.87,442.606,2025-12-20 08:00:00,377911.41
2025-12-20 15:00:00,853.87,856.42,853.81,856.0,488.0815,2025-12-20 08:30:00,417368.43
2025-12-20 15:30:00,856.0,856.0,853.27,853.55,369.1617,2025-12-20 09:00:00,315527.17
2025-12-20 16:00:00,853.55,854.16,853.11,853.36,605.1704,2025-12-20 09:30:00,516462.57
2025-12-20 16:30:00,853.36,854.08,853.06,853.19,462.7129,2025-12-20 10:00:00,394946.31
2025-12-20 17:00:00,853.19,853.33,850.89,851.31,722.7877,2025-12-20 10:30:00,616078.84
2025-12-20 17:30:00,851.31,852.74,851.08,852.43,397.0496,2025-12-20 11:00:00,338235.63
2025-12-20 18:00:00,852.43,853.61,851.34,852.84,549.7978,2025-12-20 11:30:00,468514.64
2025-12-20 18:30:00,852.84,853.88,852.71,853.51,402.649,2025-12-20 12:00:00,343599.76
2025-12-20 19:00:00,853.51,853.85,852.74,853.17,366.1266,2025-12-20 12:30:00,312340.83
2025-12-20 19:30:00,853.17,853.31,852.73,853.02,541.4994,2025-12-20 13:00:00,461870.32
2025-12-20 20:00:00,853.02,853.71,850.92,851.5,1095.2563,2025-12-20 13:30:00,933054.19
2025-12-20 20:30:00,851.5,853.03,851.15,853.01,386.3395,2025-12-20 14:00:00,329279.77
2025-12-20 21:00:00,853.01,853.01,851.04,852.01,605.6016,2025-12-20 14:30:00,515856.68
2025-12-20 21:30:00,852.01,853.17,851.57,853.05,354.905,2025-12-20 15:00:00,302504.62
2025-12-20 22:00:00,853.05,853.06,851.48,852.06,475.45,2025-12-20 15:30:00,405156.46
2025-12-20 22:30:00,852.06,853.98,851.92,853.98,716.2125,2025-12-20 16:00:00,610870.48
2025-12-20 23:00:00,853.98,854.26,853.02,853.06,377.8547,2025-12-20 16:30:00,322540.69
2025-12-20 23:30:00,853.06,854.27,852.91,854.26,308.8549,2025-12-20 17:00:00,263585.32
2025-12-21 00:00:00,854.26,854.58,853.4,854.11,213.246,2025-12-20 17:30:00,182130.08
2025-12-21 00:30:00,854.11,854.29,853.09,853.44,214.5502,2025-12-20 18:00:00,183126.59
2025-12-21 01:00:00,853.44,853.74,852.36,853.07,214.6383,2025-12-20 18:30:00,183065.6
2025-12-21 01:30:00,853.07,854.16,853.0,853.15,204.7093,2025-12-20 19:00:00,174707.8
2025-12-21 02:00:00,853.15,853.62,852.52,853.39,141.8152,2025-12-20 19:30:00,120982.35
2025-12-21 02:30:00,853.39,853.39,852.88,852.93,108.0224,2025-12-20 20:00:00,92144.5
2025-12-21 03:00:00,852.93,853.39,852.56,852.58,223.9105,2025-12-20 20:30:00,190985.87
2025-12-21 03:30:00,852.58,853.6,852.53,853.2,406.6013,2025-12-20 21:00:00,346799.89
2025-12-21 04:00:00,853.2,853.67,852.73,852.86,249.5085,2025-12-20 21:30:00,212859.02
2025-12-21 04:30:00,852.86,853.45,852.34,852.34,122.4436,2025-12-20 22:00:00,104439.87
2025-12-21 05:00:00,852.34,852.68,851.03,851.66,362.4869,2025-12-20 22:30:00,308639.74
2025-12-21 05:30:00,851.66,853.06,851.66,852.78,260.3975,2025-12-20 23:00:00,221902.06
2025-12-21 06:00:00,852.78,853.06,851.92,852.51,270.8568,2025-12-20 23:30:00,230837.59
2025-12-21 06:30:00,852.51,855.13,852.35,853.96,711.8444,2025-12-21 00:00:00,607694.62
2025-12-21 07:00:00,853.96,855.22,853.76,855.09,234.5423,2025-12-21 00:30:00,200363.54
2025-12-21 07:30:00,855.09,855.17,853.32,854.25,299.0243,2025-12-21 01:00:00,255321.03
2025-12-21 08:00:00,854.25,854.27,853.0,853.1,395.3693,2025-12-21 01:30:00,337528.52
2025-12-21 08:30:00,853.1,853.41,851.53,851.8,379.4458,2025-12-21 02:00:00,323359.63
2025-12-21 09:00:00,851.8,852.9,847.06,848.87,820.6005,2025-12-21 02:30:00,697169.92
2025-12-21 09:30:00,848.87,849.63,846.77,847.65,851.8734,2025-12-21 03:00:00,722229.66
2025-12-21 10:00:00,847.65,850.55,847.2,850.08,503.3845,2025-12-21 03:30:00,427619.59
2025-12-21 10:30:00,850.08,851.21,850.05,850.16,261.3432,2025-12-21 04:00:00,222268.02
2025-12-21 11:00:00,850.16,850.83,849.08,849.68,364.9685,2025-12-21 04:30:00,310146.14
2025-12-21 11:30:00,849.68,849.87,848.4,848.61,372.4012,2025-12-21 05:00:00,316067.15
2025-12-21 12:00:00,848.61,849.85,848.08,849.56,276.9074,2025-12-21 05:30:00,235115.32
2025-12-21 12:30:00,849.56,849.62,848.25,848.37,190.9147,2025-12-21 06:00:00,162035.08
2025-12-21 13:00:00,848.37,850.55,848.2,849.52,323.8953,2025-12-21 06:30:00,275096.42
2025-12-21 13:30:00,849.52,850.26,849.44,849.74,510.0658,2025-12-21 07:00:00,433458.99
2025-12-21 14:00:00,849.74,850.08,849.28,850.0,333.5054,2025-12-21 07:30:00,283371.43
2025-12-21 14:30:00,850.0,850.24,848.48,849.79,897.6174,2025-12-21 08:00:00,762547.57
2025-12-21 15:00:00,849.79,851.12,848.87,851.11,449.2881,2025-12-21 08:30:00,381787.58
2025-12-21 15:30:00,851.11,856.13,850.93,853.91,1059.1016,2025-12-21 09:00:00,904589.81
2025-12-21 16:00:00,853.91,856.13,852.41,852.99,657.8446,2025-12-21 09:30:00,561513.6
2025-12-21 16:30:00,852.99,858.08,852.99,857.03,1151.3712,2025-12-21 10:00:00,985915.48
2025-12-21 17:00:00,857.03,859.63,857.03,857.57,870.9974,2025-12-21 10:30:00,747473.33
2025-12-21 17:30:00,857.57,858.04,854.88,856.03,541.8357,2025-12-21 11:00:00,463776.42
2025-12-21 18:00:00,856.03,857.93,855.49,856.72,455.3057,2025-12-21 11:30:00,389982.65
2025-12-21 18:30:00,856.72,857.12,855.93,856.76,378.767,2025-12-21 12:00:00,324452.22
2025-12-21 19:00:00,856.76,859.51,856.58,857.88,755.9108,2025-12-21 12:30:00,648824.79
2025-12-21 19:30:00,857.88,858.49,855.84,858.4,717.5541,2025-12-21 13:00:00,614985.44
2025-12-21 20:00:00,858.4,858.69,851.3,851.58,1522.8323,2025-12-21 13:30:00,1299517.62
2025-12-21 20:30:00,851.58,852.49,845.48,846.66,2471.2638,2025-12-21 14:00:00,2096621.65
2025-12-21 21:00:00,846.66,850.7,845.8,848.84,1074.2761,2025-12-21 14:30:00,911927.97
2025-12-21 21:30:00,848.84,850.61,847.75,850.19,401.7637,2025-12-21 15:00:00,341322.76
2025-12-21 22:00:00,850.19,850.21,845.69,847.13,1096.1886,2025-12-21 15:30:00,928841.32
2025-12-21 22:30:00,847.13,849.35,846.28,848.53,652.111,2025-12-21 16:00:00,552999.17
2025-12-21 23:00:00,848.53,850.58,846.27,849.6,743.0673,2025-12-21 16:30:00,630309.06
2025-12-21 23:30:00,849.6,852.29,849.58,852.16,618.5213,2025-12-21 17:00:00,526177.44
2025-12-22 00:00:00,852.16,856.21,851.66,853.7,971.8864,2025-12-21 17:30:00,830012.7
2025-12-22 00:30:00,853.7,853.98,852.69,853.27,504.5729,2025-12-21 18:00:00,430643.98
2025-12-22 01:00:00,853.27,853.53,850.71,851.79,404.0084,2025-12-21 18:30:00,344048.68
2025-12-22 01:30:00,851.79,852.99,851.46,852.88,188.3294,2025-12-21 19:00:00,160488.53
2025-12-22 02:00:00,852.88,855.98,852.88,854.72,736.857,2025-12-21 19:30:00,630064.08
2025-12-22 02:30:00,854.72,856.68,853.14,855.69,357.7368,2025-12-21 20:00:00,305770.33
2025-12-22 03:00:00,855.69,856.65,854.22,854.55,272.9971,2025-12-21 20:30:00,233488.83
2025-12-22 03:30:00,854.55,854.72,853.69,853.9,149.283,2025-12-21 21:00:00,127521.16
2025-12-22 04:00:00,853.9,855.01,853.02,853.63,209.5746,2025-12-21 21:30:00,178978.94
2025-12-22 04:30:00,853.63,854.39,851.04,851.68,201.9734,2025-12-21 22:00:00,172137.39
2025-12-22 05:00:00,851.68,854.79,851.31,854.08,248.1168,2025-12-21 22:30:00,211644.75
2025-12-22 05:30:00,854.08,856.99,854.04,856.75,491.0402,2025-12-21 23:00:00,420049.44
2025-12-22 06:00:00,856.75,859.47,856.67,856.7,803.4973,2025-12-21 23:30:00,689639.68
2025-12-22 06:30:00,856.7,858.63,855.65,858.54,281.3806,2025-12-22 00:00:00,241255.57
2025-12-22 07:00:00,858.54,867.68,858.54,863.16,2548.4699,2025-12-22 00:30:00,2200781.38
2025-12-22 07:30:00,863.16,863.43,859.22,859.23,646.4707,2025-12-22 01:00:00,556882.95
2025-12-22 08:00:00,859.23,863.84,858.83,862.64,677.0092,2025-12-22 01:30:00,583280.42
2025-12-22 08:30:00,862.64,863.86,857.5,857.62,926.1168,2025-12-22 02:00:00,796812.98
2025-12-22 09:00:00,857.62,858.12,851.03,854.82,1832.7916,2025-12-22 02:30:00,1564665.11
2025-12-22 09:30:00,854.82,856.64,854.13,855.61,640.6007,2025-12-22 03:00:00,548103.86
2025-12-22 10:00:00,855.61,857.85,853.68,856.77,700.0316,2025-12-22 03:30:00,599176.12
2025-12-22 10:30:00,856.77,857.45,855.61,856.01,663.0926,2025-12-22 04:00:00,567916.41
2025-12-22 11:00:00,856.01,858.68,854.99,858.49,455.337,2025-12-22 04:30:00,390079.57
2025-12-22 11:30:00,858.49,859.72,857.02,859.32,587.01,2025-12-22 05:00:00,504088.79
2025-12-22 12:00:00,859.32,859.64,856.03,856.35,846.6354,2025-12-22 05:30:00,725978.27
2025-12-22 12:30:00,856.35,859.18,856.0,856.83,798.1534,2025-12-22 06:00:00,684387.01
2025-12-22 13:00:00,856.83,858.33,856.41,857.32,478.8257,2025-12-22 06:30:00,410373.74
2025-12-22 13:30:00,857.32,860.5,857.24,859.08,1178.5601,2025-12-22 07:00:00,1012791.75
2025-12-22 14:00:00,859.08,860.95,858.52,860.0,1188.0119,2025-12-22 07:30:00,1021634.45
2025-12-22 14:30:00,860.0,861.0,858.05,858.5,1633.6136,2025-12-22 08:00:00,1403976.76
2025-12-22 15:00:00,858.5,866.97,858.36,866.42,3471.2933,2025-12-22 08:30:00,2996989.21
2025-12-22 15:30:00,866.42,868.29,862.98,863.88,2768.9798,2025-12-22 09:00:00,2397368.48
2025-12-22 16:00:00,863.88,866.25,863.67,865.96,1395.9808,2025-12-22 09:30:00,1207630.9
2025-12-22 16:30:00,865.96,867.67,861.83,862.13,2936.8541,2025-12-22 10:00:00,2538316.56
2025-12-22 17:00:00,862.13,863.38,859.7,861.62,4132.3183,2025-12-22 10:30:00,3560421.96
2025-12-22 17:30:00,861.62,867.0,861.62,866.09,2032.0556,2025-12-22 11:00:00,1759409.92
2025-12-22 18:00:00,866.09,866.71,863.94,865.24,930.4731,2025-12-22 11:30:00,805153.32
2025-12-22 18:30:00,865.24,866.28,864.15,865.44,1218.6576,2025-12-22 12:00:00,1054444.74
2025-12-22 19:00:00,865.44,868.87,864.76,868.45,1391.9577,2025-12-22 12:30:00,1206769.24
2025-12-22 19:30:00,868.45,870.78,866.16,866.44,2465.0355,2025-12-22 13:00:00,2139178.09
2025-12-22 20:00:00,866.44,867.26,865.12,865.57,757.3985,2025-12-22 13:30:00,655732.47
2025-12-22 20:30:00,865.57,865.72,862.78,864.3,1116.8282,2025-12-22 14:00:00,965038.46
2025-12-22 21:00:00,864.3,868.61,864.17,866.72,1089.883,2025-12-22 14:30:00,944425.13
2025-12-22 21:30:00,866.72,869.37,863.43,867.91,1548.3094,2025-12-22 15:00:00,1341667.7
2025-12-22 22:00:00,867.91,869.8,861.91,865.4,1362.5842,2025-12-22 15:30:00,1179770.77
2025-12-22 22:30:00,865.4,868.43,861.92,867.77,1101.4701,2025-12-22 16:00:00,952940.46
2025-12-22 23:00:00,867.77,868.69,866.8,867.54,876.5639,2025-12-22 16:30:00,760611.06
2025-12-22 23:30:00,867.54,869.02,865.67,866.94,1348.2093,2025-12-22 17:00:00,1168670.5
2025-12-23 00:00:00,866.94,867.17,865.0,866.46,716.479,2025-12-22 17:30:00,620456.24
2025-12-23 00:30:00,866.46,868.15,865.81,867.48,629.073,2025-12-22 18:00:00,545402.58
2025-12-23 01:00:00,867.48,868.68,866.71,866.77,584.3651,2025-12-22 18:30:00,506970.59
2025-12-23 01:30:00,866.77,869.09,865.5,866.42,749.1102,2025-12-22 19:00:00,649738.43
2025-12-23 02:00:00,866.42,866.42,860.82,861.02,1488.0873,2025-12-22 19:30:00,1284410.82
2025-12-23 02:30:00,861.02,861.53,856.81,857.49,1896.5919,2025-12-22 20:00:00,1630011.8
2025-12-23 03:00:00,857.49,858.64,853.4,853.79,1520.3011,2025-12-22 20:30:00,1301179.06
2025-12-23 03:30:00,853.79,857.49,853.67,855.66,1213.7421,2025-12-22 21:00:00,1038415.78
2025-12-23 04:00:00,855.66,857.4,855.24,856.9,650.0074,2025-12-22 21:30:00,556713.5
2025-12-23 04:30:00,856.9,858.74,855.58,856.09,494.0883,2025-12-22 22:00:00,423628.36
2025-12-23 05:00:00,856.09,857.7,855.34,857.13,512.6912,2025-12-22 22:30:00,439193.25
2025-12-23 05:30:00,857.13,861.09,856.59,860.4,504.3476,2025-12-22 23:00:00,433071.95
2025-12-23 06:00:00,860.4,860.46,858.11,858.84,458.8561,2025-12-22 23:30:00,394074.1
2025-12-23 06:30:00,858.84,859.4,857.3,858.6,306.6154,2025-12-23 00:00:00,263059.83
2025-12-23 07:00:00,858.6,860.77,857.94,859.51,498.3903,2025-12-23 00:30:00,428340.66
2025-12-23 07:30:00,859.51,861.48,859.0,860.2,554.8986,2025-12-23 01:00:00,477489.88
2025-12-23 08:00:00,860.2,860.66,857.05,857.52,498.0406,2025-12-23 01:30:00,427555.45
2025-12-23 08:30:00,857.52,859.0,857.28,858.33,335.7527,2025-12-23 02:00:00,288166.79
2025-12-23 09:00:00,858.33,859.78,856.85,858.41,559.7365,2025-12-23 02:30:00,480438.45
2025-12-23 09:30:00,858.41,858.62,854.52,855.43,852.6754,2025-12-23 03:00:00,730028.41
2025-12-23 10:00:00,855.43,855.55,852.21,854.72,840.8998,2025-12-23 03:30:00,717973.22
2025-12-23 10:30:00,854.72,857.5,854.1,857.23,767.0454,2025-12-23 04:00:00,656562.06
2025-12-23 11:00:00,857.23,857.81,855.91,856.27,475.5581,2025-12-23 04:30:00,407393.8
2025-12-23 11:30:00,856.27,856.29,854.53,854.91,558.6063,2025-12-23 05:00:00,477849.36
2025-12-23 12:00:00,854.91,855.39,854.14,855.03,781.9417,2025-12-23 05:30:00,668450.81
2025-12-23 12:30:00,855.03,855.03,851.35,852.86,1002.6538,2025-12-23 06:00:00,855104.5
2025-12-23 13:00:00,852.86,852.86,847.15,847.7,2365.8761,2025-12-23 06:30:00,2009768.25
2025-12-23 13:30:00,847.7,850.42,847.24,848.98,868.2223,2025-12-23 07:00:00,737057.43
2025-12-23 14:00:00,848.98,850.25,848.52,850.05,798.4382,2025-12-23 07:30:00,678326.87
2025-12-23 14:30:00,850.05,850.4,848.4,848.49,1161.9087,2025-12-23 08:00:00,986544.38
2025-12-23 15:00:00,848.49,850.19,848.15,849.79,583.6462,2025-12-23 08:30:00,495617.81
2025-12-23 15:30:00,849.79,850.38,847.92,848.67,435.5032,2025-12-23 09:00:00,369820.75
2025-12-23 16:00:00,848.67,849.99,848.0,849.34,1171.7389,2025-12-23 09:30:00,994831.52
2025-12-23 16:30:00,849.34,849.68,847.99,849.36,544.9031,2025-12-23 10:00:00,462628.18
2025-12-23 17:00:00,849.36,850.51,849.25,850.48,400.6541,2025-12-23 10:30:00,340518.2
2025-12-23 17:30:00,850.48,851.81,849.43,851.29,511.6721,2025-12-23 11:00:00,435253.87
2025-12-23 18:00:00,851.29,853.22,850.77,852.4,616.7028,2025-12-23 11:30:00,525310.59
2025-12-23 18:30:00,852.4,853.36,852.21,852.92,467.8143,2025-12-23 12:00:00,398916.07
2025-12-23 19:00:00,852.92,853.0,849.62,849.84,638.2015,2025-12-23 12:30:00,543212.56
2025-12-23 19:30:00,849.84,851.17,849.33,849.86,627.9331,2025-12-23 13:00:00,533858.87
2025-12-23 20:00:00,849.86,851.01,849.0,850.53,700.5703,2025-12-23 13:30:00,595510.54
2025-12-23 20:30:00,850.53,851.12,846.5,848.29,1474.3202,2025-12-23 14:00:00,1250597.15
2025-12-23 21:00:00,848.29,850.37,846.75,847.53,805.4974,2025-12-23 14:30:00,683245.32
2025-12-23 21:30:00,847.53,850.09,838.13,840.76,4309.938,2025-12-23 15:00:00,3635450.48
2025-12-23 22:00:00,840.76,844.78,838.45,842.6,2134.4772,2025-12-23 15:30:00,1796870.15
2025-12-23 22:30:00,842.6,844.63,842.0,844.37,1121.2711,2025-12-23 16:00:00,945544.25
